reply_id,root_post_id,replied_to_id,reply_permalink,reply_time,text
18091617185570421,,,https://www.threads.com/@the.right.pace/post/DbRuPYIkiVy,2026-07-27T00:53:29+0000,很難改 需要時間 改善核心 & 後側鏈發力的機制 皮拉提斯跟部分重訓可以幫忙
18120905566878565,,,https://www.threads.com/@the.right.pace/post/DbRuHNWEipl,2026-07-27T00:52:22+0000,送髖簡化太多事情了 我會說因為核心跟後側鏈無力 導致沒辦法在支撐期時產生好的共同收縮和水平推進力
18110493601784809,,,https://www.threads.com/@the.right.pace/post/DbQjV8YEgpc,2026-07-26T13:59:01+0000,聽心醉心碎
18103328516086683,,,https://www.threads.com/@the.right.pace/post/DbQcP2GknlF,2026-07-26T12:57:01+0000,典型的坐著跑 支撐期的時候對側骨盆會下墜 另外後側肌群可能相較無力 or 不知道怎麼出力 需要靠較長的推蹬時間來產生水平推進力 上半身為了平衡留在後面的腳 導致
18112020410057726,,,https://www.threads.com/@the.right.pace/post/DbQFwbNkhBO,2026-07-26T09:40:29+0000,夏天tempo超痛苦
17926099374386071,,,https://www.threads.com/@the.right.pace/post/DbPdNNnEqHv,2026-07-26T03:46:09+0000,去漂亮溪水邊最討厭還要大聲放音樂的人了 把你在城市的這種生活方式帶到大自然 就是一件很干擾別人又匪夷所思的事情...
18113860021931857,,,https://www.threads.com/@the.right.pace/post/DbPJ_t0ksuQ,2026-07-26T00:58:17+0000,Garmin就是這樣擠牙膏 搞一堆產品線出來讓大家不知道怎麼選 但功能都只差一點點  回到正題 只要你看那個型號有你要的功能 再來就是價格跟新舊差異而已 基本上
18050834798563345,17938097946314506,17868461733633870,https://www.threads.com/@the.right.pace/post/DbN8EWoElV8,2026-07-25T13:37:21+0000,跑開心了，錢錢就是變成喜歡的事物😆
18091790510090244,,,https://www.threads.com/@the.right.pace/post/DbNkhxKEl6V,2026-07-25T10:11:39+0000,確認一下腳有沒有好好固定在鞋子內 鞋子太大 or 鞋帶沒綁緊都有機會磨腳底 不要換厚的運動襪 散熱效果會很差 而且跑起來的腳感也會很差
17915391951223326,,,https://www.threads.com/@the.right.pace/post/DbM77WPEh9N,2026-07-25T04:16:53+0000,5*5課表後能跑個10km  有重訓的跑者日常😆
18054534449787558,,,https://www.threads.com/@the.right.pace/post/DbM7YnrEnWB,2026-07-25T04:12:08+0000,我沒有預期在這邊被閃到🫠
18098963600526077,,,https://www.threads.com/@the.right.pace/post/DbLek_bEnFd,2026-07-24T14:41:11+0000,之前在河濱遇到阿北 他也跟我聊整路😆
17900638620522133,,,https://www.threads.com/@the.right.pace/post/DbJE3V5EujC,2026-07-23T16:18:01+0000,那該來找可愛的人們一起吃ㄌ
18122789767700555,,,https://www.threads.com/@the.right.pace/post/DbJBLxLkjyu,2026-07-23T15:45:51+0000,先吃個築間再來認真😌
18093307178529944,,,https://www.threads.com/@the.right.pace/post/DbI-uKMElsP,2026-07-23T15:24:20+0000,我看他是討厭跑者的雙標仔吧 🫠
18115676641901507,18105252241878791,18105252241878791,https://www.threads.com/@the.right.pace/post/DbI8acHkgxH,2026-07-23T15:04:09+0000,Hudson 曾說過，速度是建立在力量之上的；如果能先用上坡建立足夠的力量，就不需要一直依賴高速度、高衝擊的平地課表去累積刺激  也因為這樣，Hill work
18114682057928178,,,https://www.threads.com/@the.right.pace/post/DbI3iVYksck,2026-07-23T14:21:33+0000,大實話
17981195658020642,,,https://www.threads.com/@the.right.pace/post/DbIDGWrFDHi,2026-07-23T06:43:21+0000,"只能回到過去, 阻止那時報名的自己了"
17960531349154686,,,https://www.threads.com/@the.right.pace/post/DbIBBVcFP3R,2026-07-23T06:25:11+0000,甚至沒練習，剛開跑就烙賽了xD
18407586145155593,,,https://www.threads.com/@the.right.pace/post/DbH-oPIEqoz,2026-07-23T06:04:17+0000,享受過程的人，一定能越跑越遠！
18073138874367560,,,https://www.threads.com/@the.right.pace/post/DbH78TWEvWw,2026-07-23T05:40:48+0000,跑步很難，但一步一步總會到終點，其他事情也是一樣！
18104279327127296,,,https://www.threads.com/@the.right.pace/post/DbGhzD_khzj,2026-07-22T16:33:07+0000,你現在就可以開始記錄週訓練時數 / 週跑量 跑步這項運動對下肢的衝擊很大 肌力能很快練起來，但肌腱韌帶這種軟組織適應的速度比較慢 跑量大，下肢負荷就越大。  如
18140388493564302,,,https://www.threads.com/@the.right.pace/post/DbGfyjgkpSZ,2026-07-22T16:15:34+0000,其實不用否定公里數， 對長期訓練的跑者來說，週跑量是重要指標。  隨著速度變快，單位時間內能跑的距離也會變長 恢復速度也會提升。  週跑量不是不重要， 是要以年
18083099120222643,,,https://www.threads.com/@the.right.pace/post/DbGd_MUkn8T,2026-07-22T15:59:49+0000,汗樂（HALO）可~
17881565391611042,,,https://www.threads.com/@the.right.pace/post/DbGZbe6EmnY,2026-07-22T15:19:59+0000,是感覺會s 才不喜歡練吧
18418336375149875,,,https://www.threads.com/@the.right.pace/post/DbGUra8Elfy,2026-07-22T14:38:28+0000,我還以為是我看錯 原來真的瀏覽倒扣🫠
18127732150641614,18095949434613192,18095949434613192,https://www.threads.com/@the.right.pace/post/DbGFLk-EsVD,2026-07-22T12:23:03+0000,當運動員不需要用成績證明自己的價值， 他才能更專注於訓練、更勇敢地挑戰極限，也能在失敗後快速調整。  Josh Kerr 加入 Brooks Beasts 後
17953729289999701,,,https://www.threads.com/@the.right.pace/post/DbGFCkBkhU2,2026-07-22T12:21:49+0000,速度感太迷人了..
18115594621907514,,,https://www.threads.com/@the.right.pace/post/DbGEzsMEoGp,2026-07-22T12:19:47+0000,短間歇真的會不小心超速🫠
18201424717362554,,,https://www.threads.com/@the.right.pace/post/DbGEhH0EliY,2026-07-22T12:17:15+0000,真誠的互動還是有用~
18120340903865839,,,https://www.threads.com/@the.right.pace/post/DbGDnsBkgRd,2026-07-22T12:09:25+0000,跑到後面坐著心率只有45 健康檢查的時候心搏過緩 醫生會跟你說要去檢查一下😆
18098235644212471,,,https://www.threads.com/@the.right.pace/post/DbGDbUSEu6Q,2026-07-22T12:07:43+0000,止汗頭帶可以 但要高級一點的
18088397777133409,,,https://www.threads.com/@the.right.pace/post/DbDxylbklT3,2026-07-21T14:55:08+0000,目前沒有吃間歇課表的話 只要能說話 心率Let it go沒關係 Garmin的Vo2Max就是拿心率跟配速去推估個數值 不用太在意那個數字
18475017457129343,,,https://www.threads.com/@the.right.pace/post/DbDxD-Vkmmy,2026-07-21T14:48:46+0000,終於可以過去了！ 這段之前施工的時候都又窄又斜 跑過的人就懂哈哈...
18105528491015870,,,https://www.threads.com/@the.right.pace/post/DbDv6yQEphu,2026-07-21T14:38:47+0000,借別人的錶來跑看看，如果沒那麼高就要調整你的錶了~
18406664509153726,18098781224214335,18076746686324455,https://www.threads.com/@the.right.pace/post/DbDvMTREqId,2026-07-21T14:32:26+0000,簡單但有用！
18088840007645146,,,https://www.threads.com/@the.right.pace/post/DbDvCYmEoDC,2026-07-21T14:31:05+0000,跑一些不同距離的間歇訓練，就可以繼續進步了~
18099183686191825,18458732419115647,18061669373773508,https://www.threads.com/@the.right.pace/post/DbDUM_Fkgk0,2026-07-21T10:36:36+0000,如果是跑齡1年以上真的間歇或閾值比較好 但新手的話zone2慢慢嚕建立自信心跟軟組織耐受度 還是可以接受滴~
17988394607991512,,,https://www.threads.com/@the.right.pace/post/DbBcO8hkp1W,2026-07-20T17:08:17+0000,啾c很讚 真的很認真經營
18346343434216727,,,https://www.threads.com/@the.right.pace/post/DbBZROdEh1H,2026-07-20T16:42:23+0000,強大的選手背後都有一個更強大的另一半🏃🏃🏻‍♀️
18058177913749690,,,https://www.threads.com/@the.right.pace/post/DbBYHnvkltz,2026-07-20T16:32:20+0000,在自己有興趣的領域變得更強 也幫助那些想變強的人！
17972255547094111,,,https://www.threads.com/@the.right.pace/post/DbBX6IakuqA,2026-07-20T16:30:29+0000,跑姿是力量與協調的綜合結果  不是用說的就能控制 只能說出很醜 某方面來說是不知道能用哪些方法來改善😅
17898803103492937,,,https://www.threads.com/@the.right.pace/post/DbBQ2ovkmFU,2026-07-20T15:28:51+0000,跑量高 間歇回血速度會變快 跑起來也會比較輕鬆！
18098194646191979,,,https://www.threads.com/@the.right.pace/post/DbBD8exEjWw,2026-07-20T13:36:03+0000,好 好扯..
18015690416714180,,,https://www.threads.com/@the.right.pace/post/DbBBYQKkhqz,2026-07-20T13:13:38+0000,夏天雨中跑是種救贖  跑過的人才懂😆
18104696558587096,,,https://www.threads.com/@the.right.pace/post/DbBAznskgSk,2026-07-20T13:08:37+0000,當你能連續兩天都跑15-20km長距離 就不難想像全馬的感覺了  生理抗疲勞 心裡也要抗疲勞！
17978991125887851,,,https://www.threads.com/@the.right.pace/post/DbBAM8xknTA,2026-07-20T13:03:21+0000,剛開始跑步最常髂徑束不舒服 放鬆一下擴筋膜張肌 & 加強臀中肌 臀中肌沒有起床工作 擴筋膜張肌用力太多 跑量多起來 髂徑束就會不舒服！
17949520233213703,,,https://www.threads.com/@the.right.pace/post/DbA_PKQEhNu,2026-07-20T12:54:54+0000,Fitting真的有差
18148539874511579,,,https://www.threads.com/@the.right.pace/post/DbAt2dMEvbw,2026-07-20T10:22:59+0000,拍手提醒 沒動作就繞過他😆
17962620711149177,,,https://www.threads.com/@the.right.pace/post/DbAtgwHEhBv,2026-07-20T10:20:01+0000,日常輕鬆跑如果覺得痛苦 就是跑太快了 跑慢點或跑走跑走就不會那麼痛苦了
18191811808388498,,,https://www.threads.com/@the.right.pace/post/DbSKwlCEnUP,2026-07-27T05:02:41+0000,需要時間，加油~
18119316691662076,18096625292457830,18091584866084272,https://www.threads.com/@the.right.pace/post/DbTEXSHEq3B,2026-07-27T13:26:02+0000,前天弄完 我快躺兩天了🫠
17871551466652223,,,https://www.threads.com/@the.right.pace/post/DbTGs2RkntT,2026-07-27T13:46:28+0000,把在河濱柏油路爬的烏龜放到草地上 兩天後又看到牠爬在柏油路上 活的不錯🤣
17870667738567263,18096625292457830,18121689949875826,https://www.threads.com/@the.right.pace/post/DbTLpttkjaW,2026-07-27T14:29:43+0000,真的要經歷過才知道 這不是講一講或看影片就能改掉的東西 很需要時間的~
17937437727323949,,,https://www.threads.com/@the.right.pace/post/DbTK5h7EsTF,2026-07-27T14:23:09+0000,那些是外星人，當然比較大。
17982872289045150,18096625292457830,18090274313394682,https://www.threads.com/@the.right.pace/post/DbTJ22UErbK,2026-07-27T14:14:02+0000,很需要時間，也需要跑步之外的訓練~
17874632259623976,,,https://www.threads.com/@the.right.pace/post/DbTL2WkEmtM,2026-07-27T14:31:27+0000,他們薪水包含極限下坡這個項目，坑中之坑🫠
18057203258774297,,,https://www.threads.com/@the.right.pace/post/DbUpy6zEvnK,2026-07-28T04:12:22+0000,一堆人建議你測最大心率，我建議是不要 最大心率測驗只是為了知道訓練區間而已 會看心率的訓練區間就是乳酸閾值區以下  平常會跑到最大心率的比賽根本不多 那種比賽你
17886816261437503,,,https://www.threads.com/@the.right.pace/post/DbUwE9AkqZf,2026-07-28T05:07:15+0000,為什麼上班可以偷吃甜甜圈！！
18091042901115559,,,https://www.threads.com/@the.right.pace/post/DbVGD3eEtY3,2026-07-28T08:19:21+0000,sis 除了包裝大之外其他都完美 Science in Sport 也暗示了很多事😉
18027814517665223,,,https://www.threads.com/@the.right.pace/post/DbV5j6FEtin,2026-07-28T15:49:22+0000,洗腦的經典🫨
18089446199418284,,,https://www.threads.com/@the.right.pace/post/DbV7wCnkpn9,2026-07-28T16:08:30+0000,Vo2max高的人也活比較久😆
17983014069028188,,,https://www.threads.com/@the.right.pace/post/DbXd8TfkrFl,2026-07-29T06:26:30+0000,好奇想問，如果選手的生活紀律越好 乳酸閾值 / 訓練強度是不是能越穩定在某個數值附近
17931213393124732,,,https://www.threads.com/@the.right.pace/post/DbXv4mgEqzX,2026-07-29T09:03:17+0000,感謝回覆，看來是個值得投資的工具
18010602728930247,18117699025798287,18117699025798287,https://www.threads.com/@the.right.pace/post/DbYFUFGEmIp,2026-07-29T12:10:32+0000,對甲組選手來說，馬克操不是單純的抬腿 它包含： 支撐腿的穩定、 髖關節的快速切換、 軀幹控制、 手腳節奏協調、 彈性系統的利用。 這些能力早已整合進跑步系統。
18113460451862861,18117699025798287,18010602728930247,https://www.threads.com/@the.right.pace/post/DbYZFTJkt4S,2026-07-29T15:03:17+0000,https://blog.therightpace.life/posts/bernstein-theory/
18414096832151574,,,https://www.threads.com/@the.right.pace/post/DbYfKQqEhEd,2026-07-29T15:56:23+0000,他是錯的，但會看起來很對...
18126517726737860,,,https://www.threads.com/@the.right.pace/post/DbYeyiHkqq5,2026-07-29T15:53:09+0000,不好意思說，您測錯了 LTHR是30分鐘的全力計時 10分鐘的時候按lap，後面20分鐘平均心率大致就是LTHR 參考如下：
18091688405634069,,,https://www.threads.com/@the.right.pace/post/Dbav2EjkgTg,2026-07-30T13:00:40+0000,你是不是想看跑到殘破不堪的這種
18336201742266150,,,https://www.threads.com/@the.right.pace/post/DbauQzgkk3X,2026-07-30T12:46:50+0000,真的希望認真訓練的人多一點哈哈
18202870144363606,,,https://www.threads.com/@the.right.pace/post/DbayPKRkspm,2026-07-30T13:21:34+0000,數據圖就是發社群軟體的 不管有沒有那個圖，你都正在變強！
18122936506795018,,,https://www.threads.com/@the.right.pace/post/Dbaws9qkp7Q,2026-07-30T13:08:10+0000,回到做研究的根本，先查證說的人是誰 就會發現大部分的人都在瞎講一通
18173106361429855,,,https://www.threads.com/@the.right.pace/post/Dba0xvdEt1q,2026-07-30T13:43:46+0000,文化底蘊還是很重要
18332550124281427,,,https://www.threads.com/@the.right.pace/post/Dba5wnzkl_P,2026-07-30T14:27:18+0000,我是覺得AI毛病很多，要設計一堆方法讓他好好做事 一不注意他就搞事出來，沒有鑑別能力的人用就是放大產出垃圾的過程而已
18104279051175287,,,https://www.threads.com/@the.right.pace/post/Dba5ewDEkSR,2026-07-30T14:24:52+0000,
18140878576561476,,,https://www.threads.com/@the.right.pace/post/Dba5KfAErtU,2026-07-30T14:22:06+0000,統計模型都有適用範圍， 心率模型就是給已經有跑步習慣而且邁入訓練的人， 新手跑起來照心率模型直接Z5都不奇怪 只能跑Z2不就是跟他們說不要跑，先躺平嗎😂
17906406306284401,,,https://www.threads.com/@the.right.pace/post/Dba6OH9krWp,2026-07-30T14:31:20+0000,我看了甚麼
17942700849297386,,,https://www.threads.com/@the.right.pace/post/DbbEHhuEjw0,2026-07-30T15:57:49+0000,心率飄移是很複雜的問題，簡單可以分成兩種：  天氣熱時你的心臟打出的血液會重新分配到皮膚表面進行散熱，這會讓從靜脈回流到心臟的血液變少，每下心跳輸出的血液也跟著
18179602957375180,,,https://www.threads.com/@the.right.pace/post/DbbBLcDki3N,2026-07-30T15:32:08+0000,然後搞到大家分不出來是垃圾還是黃金
18108124148098908,,,https://www.threads.com/@the.right.pace/post/DbbG1mkEr7s,2026-07-30T16:21:35+0000,現在都看故事，不看基本面🥹
18129894004725360,,,https://www.threads.com/@the.right.pace/post/DbcYaIHEtBH,2026-07-31T04:14:21+0000,跑步繞台北一圈
18062792243751522,,,https://www.threads.com/@the.right.pace/post/DbcXPJUEnLt,2026-07-31T04:04:07+0000,跑久會遇到更多壞朋友 然後就10k / 21k / 42k 越跑越多 越跑越久🙂‍↕️
17981704353025344,,,https://www.threads.com/@the.right.pace/post/DbckSgYksMF,2026-07-31T05:58:10+0000,身為跑者，不喜歡走路
18023136911855574,,,https://www.threads.com/@the.right.pace/post/DbdJGpRkhEP,2026-07-31T11:19:52+0000,發起 Free the Wrist  不戴錶就沒事了
17856840414696534,,,https://www.threads.com/@the.right.pace/post/DbdU9rFkmvt,2026-07-31T13:03:30+0000,「現代」就是一項契約，人類同意放棄意義，以換取力量
18173649514427123,,,https://www.threads.com/@the.right.pace/post/DbehX9bEqMa,2026-08-01T00:11:11+0000,平常沒在動，突然動太多就會這樣 除了臀中肌外，你的腿後肌也沒辦法幫你在下坡時很好的減速煞車 建議你重訓外，也慢慢加入日常慢跑 慢跑的同時你也在動態練習單腳的穩定
17980069575060845,,,https://www.threads.com/@the.right.pace/post/Dbe6VioErot,2026-08-01T03:49:18+0000,還有假跑步，真社交 或是假跑步，真帶貨 總之是個正面的運動
18021163934911472,,,https://www.threads.com/@the.right.pace/post/Dbe8W1-kkST,2026-08-01T04:06:58+0000,才剛開始寫，還是喜歡用長文的方式論述完整 thread因為平台傾向，有點綁手綁腳的感覺
17988339278843009,18089064608431794,17947656702253174,https://www.threads.com/@the.right.pace/post/Dbf8js6Egx3,2026-08-01T13:27:57+0000,也有機會，但這些都要藉由合適的動作訓練跑動下的機制~
17943455562274929,,,https://www.threads.com/@the.right.pace/post/Dbf6rvdEiqY,2026-08-01T13:11:35+0000,就是想分享能跑步的相關知識與洞見 現在太多AI內容 希望我這邊是可靠的資訊來源哈哈 我是自建部落格，因為想要掌控性比較高！
17934553068349497,18089064608431794,18201307558365467,https://www.threads.com/@the.right.pace/post/DbgA_FUkkJs,2026-08-01T14:06:39+0000,沒錯，感謝補充！
18111375073787514,,,https://www.threads.com/@the.right.pace/post/DbgHjDNEqJi,2026-08-01T15:03:59+0000,是不用踩一捧一 現代主義在建築的層面上 就是形式追隨功能 實用好維護，而不是一堆沒用的裝飾 現代或後現代建築的幾何美學也是很值得欣賞的
17956583580190005,,,https://www.threads.com/@the.right.pace/post/Dbhm8TWkpmu,2026-08-02T04:57:33+0000,沒有巴哈，我童年的遊戲一個都破不了🫠
18121162768872039,,,https://www.threads.com/@the.right.pace/post/DbhsaJkkkVK,2026-08-02T05:45:19+0000,送髖就是支語。 學理上跑步週期可以分成支撐期、擺盪期 當支撐期身體重心過腳掌正上方的那一瞬間，下肢從原本的「吸收衝擊」轉換成「輸出水平作用力」 這時候髖關節開始
18074429636348213,,,https://www.threads.com/@the.right.pace/post/DbiFUWCkjcY,2026-08-02T09:22:59+0000,真的很多能力要練，沒那麼容易！
18099785756191428,,,https://www.threads.com/@the.right.pace/post/DbiJO2uksPx,2026-08-02T09:57:11+0000,推薦你 Frans Bosch System的資源，對動作品質幫助很大~
18064068515721327,18089064608431794,17938654380336480,https://www.threads.com/@the.right.pace/post/DbiZ0OWEoX_,2026-08-02T12:22:06+0000,你是資優生，要拉傷有點難
18121333990888073,,,https://www.threads.com/@the.right.pace/post/Dbk72nzku-C,2026-08-03T11:58:00+0000,一日兩練，真的cp值超高
17924969736162957,18110562274949372,18103975799586384,https://www.threads.com/@the.right.pace/post/Dbk6fi7EoD1,2026-08-03T11:46:07+0000,該跑的里程，少不了😆
18367371730234621,18110562274949372,18006207047957197,https://www.threads.com/@the.right.pace/post/Dbk-ya7ElFj,2026-08-03T12:23:39+0000,很需要！
18362445430212943,,,https://www.threads.com/@the.right.pace/post/DblCQdPEgP7,2026-08-03T12:53:58+0000,然後隨便就跑個15k會變成日常生活🏃🏻‍♀️
18092211080385773,,,https://www.threads.com/@the.right.pace/post/DblGBK6Ekfo,2026-08-03T13:26:49+0000,有持續跑就可以的！
17975888262083460,18110562274949372,18116920943493757,https://www.threads.com/@the.right.pace/post/DblJuqMkmEO,2026-08-03T13:59:15+0000,就很鬧，不管哪種路徑都能進步 只是適不適合自己的狀況而已🫠
18021863687897284,18110562274949372,18203306215365801,https://www.threads.com/@the.right.pace/post/DblJFjhErzX,2026-08-03T13:53:38+0000,符合自身恢復能力的訓練量還是必須的 有些人會妖魔化跑量，好像跑多就吃虧沒效率一樣 但沒跑到一定量，到某個程度就會進入高原期了🫠
18110561462101153,,,https://www.threads.com/@the.right.pace/post/DblL15DEtQu,2026-08-03T14:17:43+0000,甚至30週年紀念動畫結尾是準備自爆 他們很知道觀眾要甚麼
18129895426652634,,,https://www.threads.com/@the.right.pace/post/DblOSepkuyb,2026-08-03T14:39:06+0000,差別在他們不管吸氣吐氣都能維持很好的腹內壓 新手不管吸氣還是吐氣都維持不了腹內壓
18114315670917657,,,https://www.threads.com/@the.right.pace/post/DblTCBTEruN,2026-08-03T15:20:32+0000,那個痛不是正常的痛！
18256094989307652,,,https://www.threads.com/@the.right.pace/post/DblSvUjEjGe,2026-08-03T15:17:59+0000,髂徑束不是肌肉，它是結締組織... 用途是傳遞力量還有穩定髖部和膝蓋... 容易緊繃，需要處理的是上面的擴筋膜張肌或臀肌 髂徑束本身幾乎沒有延展性，滾筒不會改變
17889744408414472,,,https://www.threads.com/@the.right.pace/post/DbmSlhtEn0V,2026-08-04T00:35:53+0000,可以的，但要小力點 因為有跑步的話它通常很緊繃 按摩球會比較好定位痛點
18096046865372806,18110562274949372,17904902151469296,https://www.threads.com/@the.right.pace/post/DbmgDWDkg6i,2026-08-04T02:33:33+0000,你太適合跑步了😆
18428297491179668,,,https://www.threads.com/@the.right.pace/post/DbmruezEmfo,2026-08-04T04:15:34+0000,有排輕鬆跑的課表就是照表操課 頂多根據狀況微調速度跟時間而已 如果每個強度課表前都要休息完整一天 一個禮拜訓練時數可能只有3hr 這對規律訓練的人太少了 總歸一
18183595165398543,,,https://www.threads.com/@the.right.pace/post/DbmrAd3ks5b,2026-08-04T04:09:17+0000,https://youtu.be/nLPhxx7m_JM?si=73g-VsMsZh_5xv7Q
17869172646586643,,,https://www.threads.com/@the.right.pace/post/Dbm0y73krkj,2026-08-04T05:34:49+0000,整體功能正常就不用換🫨
17925060423162896,,,https://www.threads.com/@the.right.pace/post/DbnHgYJEmYQ,2026-08-04T08:18:18+0000,真知灼見，跑就對了😍
18402521929090092,,,https://www.threads.com/@the.right.pace/post/DbnSHaKktOK,2026-08-04T09:51:01+0000,只要是人壓那邊都會痛滴~
18339700186265712,18116946601901944,18611378488058947,https://www.threads.com/@the.right.pace/post/Dbnv-L3Egxi,2026-08-04T14:11:54+0000,跑者就是任性🫠
18087297674169617,18116946601901944,18010600883745030,https://www.threads.com/@the.right.pace/post/DboyQp1EilN,2026-08-04T23:51:08+0000,用說的沒用，跑就對了😌
18127856836675378,,,https://www.threads.com/@the.right.pace/post/Dbo68VYEtF3,2026-08-05T01:07:00+0000,本體感覺 / 動作控制很差的時候 各種教呼吸絕對是搞錯了什麼🫠
18090423443434976,,,https://www.threads.com/@the.right.pace/post/DbpKVGQki5H,2026-08-05T03:21:28+0000,把思考的能量留給跑步，肯定比較快🤣
18011481662929431,,,https://www.threads.com/@the.right.pace/post/DbpJdCAkgvu,2026-08-05T03:13:48+0000,認知負擔太大，不如忽略，跑就對了🤣
18101168150264390,,,https://www.threads.com/@the.right.pace/post/Dbp94PbkhCf,2026-08-05T10:51:54+0000,這可能是中暑，為什麼留言區沒有一個人說🫠
18091402454429262,17930175150362108,18035413619649430,https://www.threads.com/@the.right.pace/post/DbqO_zxEjUs,2026-08-05T13:21:29+0000,好煩，我這幾天一直想說這句😂
18374544847224290,17930175150362108,18116369732512417,https://www.threads.com/@the.right.pace/post/DbqO0PZEvo1,2026-08-05T13:19:54+0000,偶爾喘一下還好，但不能每次都很喘 累積有氧訓練量還是重點~
18136061098592071,17930175150362108,18078864920692718,https://www.threads.com/@the.right.pace/post/DbqNv4fEq6O,2026-08-05T13:10:34+0000,還想說跑就對了，但有點降格調🫠
18031754963835439,,,https://www.threads.com/@the.right.pace/post/DbqQcM_EtbF,2026-08-05T13:34:06+0000,高溫高濕度，運動積熱散不出去就有機會熱衰竭或中暑 不管有沒有太陽都有機會~
17909876898448792,,,https://www.threads.com/@the.right.pace/post/DbqapYZEt4N,2026-08-05T15:03:17+0000,戶外跑步支撐期會比較完整，髖伸/後側鏈的力量產生比跑步機多；而且跑步機有固定頻率，負責擺動期的髖屈肌群負擔會大些 兩個環境使用的肌群比例不太一樣 所以跑習慣戶外
17982022164110904,,,https://www.threads.com/@the.right.pace/post/Dbs6k_vEnLk,2026-08-06T14:20:47+0000,運動不同適應不同 有氧運動會讓左心室肥大 重訓會讓左心室心肌變厚~
18128113900735546,,,https://www.threads.com/@the.right.pace/post/Dbs5eQZkn83,2026-08-06T14:11:07+0000,醫學上有心搏過緩這個診斷 但不是病理性因素就還好 有氧運動心臟變大顆後 靜止心率會下降 上次健檢心率在45-50徘徊的人留🫠
18107361716117646,17900983848503395,17900983848503395,https://www.threads.com/@the.right.pace/post/DbsxDTZkl7G,2026-08-06T12:57:32+0000,
17952681057216263,,,https://www.threads.com/@the.right.pace/post/DbsvbdsEhtJ,2026-08-06T12:43:22+0000,"Bro, 你這半馬可以跑個86, 87"
17878510314653188,,,https://www.threads.com/@the.right.pace/post/DbshuM5klvO,2026-08-06T10:43:35+0000,跑者的快樂樸實無華
17910292140264134,,,https://www.threads.com/@the.right.pace/post/Dbr_H-wEoe3,2026-08-06T05:41:16+0000,一樣的還有 職業選手都專心比賽 沒在看心率的😆😆
18199875442371790,,,https://www.threads.com/@the.right.pace/post/Dbr8WMXklFp,2026-08-06T05:17:00+0000,台灣跑者：這超過Zone2了
18105543383153704,,,https://www.threads.com/@the.right.pace/post/Dbr75mpEnpe,2026-08-06T05:13:06+0000,我也愛陳一枝 懂的人不多
18541415227077694,,,https://www.threads.com/@the.right.pace/post/DbuGSnqkpuJ,2026-08-07T01:22:22+0000,帶雨傘跑步，從他們旁邊經過 看誰的雨傘比較厲害🙃
18107171582468553,,,https://www.threads.com/@the.right.pace/post/DbvfnyHkh-2,2026-08-07T14:22:57+0000,我覺得在操場繞圈圈很有趣，而且很多人都會去繞🙂‍↕️
18098755097342182,,,https://www.threads.com/@the.right.pace/post/DbvfLrqkmKY,2026-08-07T14:19:07+0000,逆風一下 不得不說能穿平底鞋跑步 代表足底蠻強壯的😆
18107159567148923,,,https://www.threads.com/@the.right.pace/post/DbveZN-kuR5,2026-08-07T14:12:14+0000,混血了這
18094446506061884,,,https://www.threads.com/@the.right.pace/post/DbveGvsksBg,2026-08-07T14:09:42+0000,大部分人的問題都是練太少 或是強度練太少 慢慢跑我看大家都已經蠻會了😆
18122809369824137,,,https://www.threads.com/@the.right.pace/post/Dbvi5nsksZL,2026-08-07T14:51:36+0000,膝蓋跟腳底都沒甚麼不舒服就沒事滴，別想太多~
18042316136810301,18095016800456639,17925298758162863,https://www.threads.com/@the.right.pace/post/DbxjAnnEqDd,2026-08-08T09:31:03+0000,真，而且爬坡能力跟下肢肌力比較相關 畢竟還要把自己撐上去，比較不能利用肌腱的SSC 跑習慣平路又有一定速度的跑者，體感會比較累🫠
18020955605883789,18095016800456639,18099848189260870,https://www.threads.com/@the.right.pace/post/DbxhhAfEvRK,2026-08-08T09:17:59+0000,希望不要被誤解成只要zone2就好🫨
18124847410780535,18095016800456639,17955478985998005,https://www.threads.com/@the.right.pace/post/DbxmXK-kjI7,2026-08-08T10:00:20+0000,體感就是RPE，是你身體當下對壓力的真實感受 包含：心率無法解釋的疲勞：睡眠不足、壓力大、高溫或咖啡因攝取，會讓心率失真（例：心率極低但跑不動，或心率超高但呼吸
18170448736447113,,,https://www.threads.com/@the.right.pace/post/Dbxk0w9Elrg,2026-08-08T09:46:54+0000,"你下一篇是不是要說，有了AI模型就不用CPU, GPU, 記憶體了😂"
18100713455227222,,,https://www.threads.com/@the.right.pace/post/Dbxj_rnEj7U,2026-08-08T09:39:39+0000,大實話，但運動員身邊資源有限可能也有關係~
18001831877784012,,,https://www.threads.com/@the.right.pace/post/DbxpVxIkqjf,2026-08-08T10:26:21+0000,推，旁邊衛生紙放不夠，不能看的神作
17872430049630870,,,https://www.threads.com/@the.right.pace/post/DbzoCzKks8V,2026-08-09T04:53:31+0000,你的緩震跑鞋只會讓你的足弓越來越弱而已 得罪一票跑鞋廠商😂
18090592151432381,,,https://www.threads.com/@the.right.pace/post/Db0Ti4zEvJw,2026-08-09T11:13:38+0000,用進廢退，內側支撐足弓的那塊會讓你的足弓更習慣偷懶 鞋子盡量要有不同軟硬跟用途，替換著穿，讓腳底能有不同的刺激，減少受傷的風險
18130107304711591,18171177859437546,17965723647136311,https://www.threads.com/@the.right.pace/post/Db0Wv6lkodM,2026-08-09T11:41:37+0000,沒放颱風假也是一種確幸哈哈哈哈
17922173709406907,18171177859437546,17894401233387261,https://www.threads.com/@the.right.pace/post/Db0V8R1EvW9,2026-08-09T11:34:34+0000,下雨出門的速度比平常還快嘿嘿
18099543551204237,,,https://www.threads.com/@the.right.pace/post/Db1V7uOkgXE,2026-08-09T20:53:44+0000,但我也沒直接說足弓習慣偷懶會受傷唄~ 我想表達的是，長期只有單一的高緩震、高支撐刺激 足部接受的負荷也是單一的，所以才建議不同軟硬、不同鞋款甚至不同平面交替，漸
18613776472054694,,,https://www.threads.com/@the.right.pace/post/Db1YUNUEsGI,2026-08-09T21:14:34+0000,我之前曾經說過夏天訓練效益比較低 有人就用自己夏天訓練破全馬PB來反駁 事實就是你的實際肌肉與神經負荷在高溫下就是會比較低 實在不懂這是有甚麼好反駁的😂
18106785362138011,,,https://www.threads.com/@the.right.pace/post/Db2PUMgEqB7,2026-08-10T05:15:09+0000,記得4 mol是某個實驗流傳已久的數值，但個人化差異很大 還是要測一次完整的乳酸曲線才能比較好抓到LT1 LT2 然後這都還沒討論到判定LT2的方法實驗上面就有
18088842380407043,,,https://www.threads.com/@the.right.pace/post/Db2S7SCkhrP,2026-08-10T05:46:42+0000,"教練的水平也是差很多... 感覺還是stryd, smo2比較容易作為監測工具使用"
18607315846048826,,,https://www.threads.com/@the.right.pace/post/Db2zapikqtd,2026-08-10T10:30:36+0000,會有這個問題的話 跟姿勢幾乎沒關係 跟你的粒腺體強弱有關係 翻成白話就是跑太少 所以才會跑的很累
18104894291161941,,,https://www.threads.com/@the.right.pace/post/Db20N2Bkpy7,2026-08-10T10:37:36+0000,笑瘋 Graph DB也一樣處於要死不活的狀態🤣
18121108727307156,,,https://www.threads.com/@the.right.pace/post/Db28HDsEpYz,2026-08-10T11:46:35+0000,哇塞，超有耐心！！
18080293538376022,,,https://www.threads.com/@the.right.pace/post/Db29yzMkjwg,2026-08-10T12:01:17+0000,respect !
18091353362185663,,,https://www.threads.com/@the.right.pace/post/Db3PbW2Es41,2026-08-10T14:35:22+0000,快要見怪不怪了🫠
17874452061546035,,,https://www.threads.com/@the.right.pace/post/Db5LF2gkgNH,2026-08-11T08:35:58+0000,教父應該沒學生跑這麼快的😂
17941543962335227,,,https://www.threads.com/@the.right.pace/post/Db5Vi2QEj4P,2026-08-11T10:07:18+0000,推
18144226432555962,,,https://www.threads.com/@the.right.pace/post/Db5vBpeEo-Y,2026-08-11T13:49:58+0000,在草皮跑，懂的都懂
18365665852240890,17978349078064632,17978349078064632,https://www.threads.com/@the.right.pace/post/Db5tdN5EvJ9,2026-08-11T13:36:15+0000,擺動腿回踩得太晚，腳還在往前伸就碰到地面  像是用腳跟在身體前方「找地面」 腳跟觸地後才開始建立張力  接著膝、髖出現較大的彎曲去吸收衝擊，也更容易形成明顯的煞
18129853750635107,,,https://www.threads.com/@the.right.pace/post/Db7ShrRkj51,2026-08-12T04:19:25+0000,國外頂尖選手的跑量成長都是以年為單位 台灣選手的zone2果然不一樣哈哈哈哈哈
17902766841504642,17978349078064632,18224115976326347,https://www.threads.com/@the.right.pace/post/Db7YhJUEt1C,2026-08-12T05:11:46+0000,就是~ 落地有足夠剛性跟好的支撐結構的話不管用那邊著地都沒差 跨大步基本上不可能做到上面這兩點 也做不到我上面說的回踩動作~ 組織跟動作控制能力建立起來才能做好
18417072562157953,,,https://www.threads.com/@the.right.pace/post/Db7qiHRkk98,2026-08-12T07:49:11+0000,就像菁英長跑選手不少低足弓的 但足部功能比一般人正常太多了
18211887922352544,17869909353651306,18109397086832604,https://www.threads.com/@the.right.pace/post/Db8OFo3EnB1,2026-08-12T12:59:52+0000,準，的確差不多
17934214653359370,,,https://www.threads.com/@the.right.pace/post/Db8RC09ks4n,2026-08-12T13:25:42+0000,論化學老師當不了網紅的原因😆
18105107120333942,,,https://www.threads.com/@the.right.pace/post/Db8SM0iEhGD,2026-08-12T13:35:48+0000,赤足鞋腳感100分
17870299347582311,,,https://www.threads.com/@the.right.pace/post/Db8hBS-EjQq,2026-08-12T15:45:18+0000,我認識真正對生物力學，運動員訓練狀態有洞見的教練 主要是靠視覺觀察來進行訓練決策的 就算現在有那麼多數據可以輔助也是一樣 以受傷前兆來說，運動員的活動度 / 協
18139464562605436,,,https://www.threads.com/@the.right.pace/post/Db8l7q5kt-P,2026-08-12T16:28:14+0000,"大家只會推garmin, coros, amazfit 我來推推 polar , 是個1980就在做心率監測的品牌 數據分析平台比garmin好用太多 甚至不用"
17900788506340825,,,https://www.threads.com/@the.right.pace/post/Db9gFQaEoNu,2026-08-13T00:56:21+0000,可以的，這些是基本功能
18098673293346398,,,https://www.threads.com/@the.right.pace/post/Db9tmINkmvB,2026-08-13T02:54:26+0000,我都跟別人說，我剛去游泳
18117681385710437,,,https://www.threads.com/@the.right.pace/post/Db9tO4vEm0E,2026-08-13T02:51:15+0000,這販賣機也是我的救贖
18080636402367769,,,https://www.threads.com/@the.right.pace/post/Db9st4JEkvL,2026-08-13T02:46:45+0000,跪著看大神 意志力強大
17972838041918484,,,https://www.threads.com/@the.right.pace/post/Db-tlx7ktlf,2026-08-13T12:13:37+0000,甚麼大實話
18489030814100568,,,https://www.threads.com/@the.right.pace/post/Db-4ZueEqKf,2026-08-13T13:48:06+0000,兩雙都買，輪著穿😆
18106500746002347,18108559109117997,17987721507044221,https://www.threads.com/@the.right.pace/post/DcAK7imEsop,2026-08-14T01:49:14+0000,謝謝賴瑞大大補充，超讚！
18026476094677293,18108559109117997,18018157508712981,https://www.threads.com/@the.right.pace/post/DcATsETEnB3,2026-08-14T03:05:46+0000,你這是大實話 哈
18108991994101241,18108559109117997,18339563311280767,https://www.threads.com/@the.right.pace/post/DcAZUM9krV4,2026-08-14T03:54:56+0000,garmin那個左右平衡害人不淺🫠
18068653160718863,,,https://www.threads.com/@the.right.pace/post/DcAZ-97kv56,2026-08-14T04:00:47+0000,"你沒經歷過大數據時代吧 那是AI還沒辦法很有效幫助業務的時代 大家都是喊落地，不然AI在那時就是喊爽的而已 Ex : 金融, 工廠, 科技廠 等領域"
17981600259063459,18108559109117997,18126351463805797,https://www.threads.com/@the.right.pace/post/DcAiadYkgPV,2026-08-14T05:14:26+0000,這我有經驗，我曾經去個運動按摩 他的確是幫我打開左邊活動度很多 但我本身跑步發力的策略就是右側偏多一些 按摩完隔天去跑反而不協調感很嚴重 而且左側非常疲勞  我
17975540408912303,18108559109117997,17903091660534959,https://www.threads.com/@the.right.pace/post/DcAh15UEj3U,2026-08-14T05:09:27+0000,學到新名詞了🤣
17914686708240742,18108559109117997,18016910981922688,https://www.threads.com/@the.right.pace/post/DcAhnZ1ksIf,2026-08-14T05:07:28+0000,真的，身體自己找到的動作策略才快
17900966154557134,18108559109117997,18454145695141030,https://www.threads.com/@the.right.pace/post/DcAnVsqEoKn,2026-08-14T05:57:29+0000,真，現代人沒骨盆前傾才稀有
17902088346550372,18108559109117997,18009576878945834,https://www.threads.com/@the.right.pace/post/DcAp-ZbkrS0,2026-08-14T06:20:31+0000,論賺錢的門路哈哈哈哈
18119905811491386,18108559109117997,18277863367295278,https://www.threads.com/@the.right.pace/post/DcApXOkEh27,2026-08-14T06:15:10+0000,鋼彈🤣
18140276743578015,18108559109117997,17987335263031230,https://www.threads.com/@the.right.pace/post/DcAr8NVEpPq,2026-08-14T06:37:41+0000,受傷原因很複雜，但不對稱或許排不上前幾名的因子！
17922660645186256,18108559109117997,18103229344933569,https://www.threads.com/@the.right.pace/post/DcAruVrEuCV,2026-08-14T06:35:48+0000,其實幾乎沒影響 只是跑步的時候會看得出來左右發力狀態不同 雖然對稱一點看起來比較好看 但那種對稱狀態對運動表現來說 可能是負面影響比較多～
17888213745609291,18108559109117997,18104076038335571,https://www.threads.com/@the.right.pace/post/DcAxbudkm-P,2026-08-14T07:25:41+0000,非常需要耶！
18081351194304979,18108559109117997,18013213496931373,https://www.threads.com/@the.right.pace/post/DcAwOWqkvP5,2026-08-14T07:15:07+0000,酷...動作納粹黨學會了
18091484378112261,,,https://www.threads.com/@the.right.pace/post/DcAwFXhkv9M,2026-08-14T07:13:54+0000,他2003年就拿過世界田徑錦標賽5000m的金牌 速度絕對也是一時之選 只是長距離賽事品牌方的確能做比較多文章
17977103147904552,18108559109117997,17879263149620344,https://www.threads.com/@the.right.pace/post/DcBGshKkvu5,2026-08-14T10:31:29+0000,真的..
17901146889484676,,,https://www.threads.com/@the.right.pace/post/DcBh4hxEmE3,2026-08-14T14:29:03+0000,那個痠感不是乳酸，是氫離子跟無機磷酸（Pi）累積，還有其他代謝變化有關，乳酸只是剛好大量增加而已，但他不是兇手😂
18116174161734124,,,https://www.threads.com/@the.right.pace/post/DcBhECoEra5,2026-08-14T14:21:53+0000,其實跟吃早餐一樣 我不會跟別人說我吃早餐吃上癮了🤪
18073634390390024,,,https://www.threads.com/@the.right.pace/post/DcBgu6YEqEn,2026-08-14T14:19:00+0000,氣溫的debuff很嚴重
18111085136287329,,,https://www.threads.com/@the.right.pace/post/DcBlEX_kg4W,2026-08-14T14:56:53+0000,破百後，有錢吃好的 跑的越來越快，身體更好了🤣
17879172399653251,,,https://www.threads.com/@the.right.pace/post/DcBjkyXkguA,2026-08-14T14:43:50+0000,這影片亂說一通，肌纖維比例是在競技層級才有差的東西 訓練量 / 訓練年資 / 技術水平 / 身體質量 這些都到達頂尖水平，肌纖維比例才會是決定比賽勝負的因子 不
18350479534169369,,,https://www.threads.com/@the.right.pace/post/DcBiJ9uEjKS,2026-08-14T14:31:26+0000,馬上來抽！
18017738714879473,,,https://www.threads.com/@the.right.pace/post/DcBlwESEv9Z,2026-08-14T15:02:51+0000,不好說，別人是上班疲憊 我是下班疲憊哈哈哈哈
18078872876328905,,,https://www.threads.com/@the.right.pace/post/DcBu5WIElR8,2026-08-14T16:22:45+0000,有感受到溫度了
18069091976713896,,,https://www.threads.com/@the.right.pace/post/DcBzh9-kpoq,2026-08-14T17:03:15+0000,對呀，一般市民運動員擔心肌纖維是想多了...
18126838786749064,,,https://www.threads.com/@the.right.pace/post/DcB2vgNEhYu,2026-08-14T17:31:19+0000,而且最近練的壯，跑得快的人是越來越多（拜hyrox所賜
18051594227566071,,,https://www.threads.com/@the.right.pace/post/DcC6m_vEk59,2026-08-15T03:24:21+0000,言論自由，但很惱人...
17900807724557673,,,https://www.threads.com/@the.right.pace/post/DcC6W25kqUR,2026-08-15T03:22:09+0000,馬克A雖然是把腿抬起來 但地上那隻腳的支撐很重要 你地上那腳的腿後側沒有張力，導致抬腿的時候膝蓋也不穩定（膝蓋會晃動，小腿也往後移動） 另外下踩的時候用力點，會
18142325659576780,,,https://www.threads.com/@the.right.pace/post/DcDB9IBEt6i,2026-08-15T04:28:32+0000,睡覺、碳水 / 蛋白質吃夠、多喝水 伸展動作增加活動度、按摩騙騙神經
17954498268210499,,,https://www.threads.com/@the.right.pace/post/DcDAYcyEtXM,2026-08-15T04:14:47+0000,去跑步吧，可以健康到不行😆
17956393521000204,,,https://www.threads.com/@the.right.pace/post/DcDQzg6EvPB,2026-08-15T06:38:18+0000,太優秀，想偷圖了🤣
18024126557888785,,,https://www.threads.com/@the.right.pace/post/DcDbP42Ej_z,2026-08-15T08:09:33+0000,這是前美國菁英馬拉松選手Ryan Hall 全馬2:04，後來去重訓也是練很粗
18064867310770204,,,https://www.threads.com/@the.right.pace/post/DcD7rvsErfn,2026-08-15T12:52:58+0000,行動派，太強大了！
18121599178853061,,,https://www.threads.com/@the.right.pace/post/DcD7RdPEqlE,2026-08-15T12:49:23+0000,推爆，我之前跑過那段，真的痛苦到不行 然後繞出去也找不到便利商店...
17885778924611011,,,https://www.threads.com/@the.right.pace/post/DcEIgu6klU1,2026-08-15T14:45:04+0000,SiS 口感甜度都100分 缺點就是比較大包 Maurten吃起來有點像鼻涕 吃不慣🫠
18119140267855471,,,https://www.threads.com/@the.right.pace/post/DcENkXZkgcn,2026-08-15T15:29:15+0000,黑膠的話是40g碳水，但相對就比較甜一點 考慮到補給量跟包裝大小，全馬吃黑膠可能相對合適些 然後能接受Maurten那個口感的話，也是不甜的選擇之一🫠
18073539899449758,,,https://www.threads.com/@the.right.pace/post/DcFYXnlEsGc,2026-08-16T02:22:52+0000,分一姐🫡
18090113198200190,,,https://www.threads.com/@the.right.pace/post/DcF8mcyEuaR,2026-08-16T07:39:28+0000,"是，3k, 5k才是有氧能力天花板"
18009314375948915,,,https://www.threads.com/@the.right.pace/post/DcGzI7mknYe,2026-08-16T15:36:02+0000,不是一直跑3k / 5k 是走3k / 5k 的週期訓練課表  訓練是培養比賽的能力 而你不需要每天都比賽來培養比賽能力
18407393509087896,,,https://www.threads.com/@the.right.pace/post/DcH0J3yEqZI,2026-08-17T01:04:09+0000,運動傷害三階層 動作控制能力下降，活動度下降，力量輸出下降 前兩項要靠防護員 / 資深教練觀察，到力量下降可能就差不多了
18063644318760180,,,https://www.threads.com/@the.right.pace/post/DcIJc58EhuO,2026-08-17T04:10:15+0000,總熱量消耗拉高，讓粒腺體變強才是真的 粒腺體變強之後一小時能跑個12km 絕對是比一小時走4公里來說瘦的還快...
17928738945147711,,,https://www.threads.com/@the.right.pace/post/DcIRawQElTe,2026-08-17T05:19:51+0000,越野跑者：水袋背包，濾水器，跑山30k 公路跑者：我要販賣機，置物櫃，遮雨空間，跑10km  不過，我也是公路跑者🤣
17886583752610908,,,https://www.threads.com/@the.right.pace/post/DcITHNqEhKn,2026-08-17T05:34:40+0000,而且痠痛會大於心痛 跑一次不夠，就跑第二次
18073978004518636,,,https://www.threads.com/@the.right.pace/post/DcIze7wkiQc,2026-08-17T10:17:31+0000,只有等長跟離心對腿後拉傷是不夠的 會受傷本質上是腿後肌的的協調/吸收力量的方式不夠好 還要加入單腳承重，落地，跳躍，不同方向的擾動才能重建腿後肌的動作控制與協調
18136534072615176,17992304355008372,18049401101795840,https://www.threads.com/@the.right.pace/post/DcI7QM7kmic,2026-08-17T11:25:25+0000,的確是，補水的優先級很高，因為水分夠肌肉疲勞也會慢些 長距離課表量要夠外，微調不同姿勢的確也能延緩抽筋~
18021756731912439,17992304355008372,18093001280333414,https://www.threads.com/@the.right.pace/post/DcI64ewkqkk,2026-08-17T11:22:11+0000,是，但我結論不能這麼粗暴🫠
17928866667147919,17992304355008372,18077620925336981,https://www.threads.com/@the.right.pace/post/DcI5ykqksXW,2026-08-17T11:12:38+0000,謝謝你！ 其實要寫有流量的文章也行 但是可能就不是我想寫的了 現在這個狀態可能比較好些~
18114201076990148,17992304355008372,17917840476219768,https://www.threads.com/@the.right.pace/post/DcJBFU9EvOc,2026-08-17T12:16:22+0000,這厲害了，我先記下來
17879296893686243,,,https://www.threads.com/@the.right.pace/post/DcJMDxOEmxL,2026-08-17T13:52:16+0000,"wow, 這角度很厲害"
17927178390395499,17992304355008372,18095503703068581,https://www.threads.com/@the.right.pace/post/DcJQcnLEsyZ,2026-08-17T14:30:37+0000,雖然巴娜娜沒用，但他很可愛，謝謝賴瑞大大🫡
18113313841753344,,,https://www.threads.com/@the.right.pace/post/DcJWJ3jkqbV,2026-08-17T15:20:29+0000,可以跟一分鐘，然後慢跑等下一台車來再上 但通常被跟著會想越跑越快🤣
18116374354949299,17992304355008372,18441230992193571,https://www.threads.com/@the.right.pace/post/DcKNKkaEnRy,2026-08-17T23:21:10+0000,謝謝，會繼續加油~
17876542236652727,,,https://www.threads.com/@the.right.pace/post/DcKbGuXkmLz,2026-08-18T01:22:59+0000,阿北，收下我的膝蓋吧
18133344661714106,17992304355008372,18220568329327784,https://www.threads.com/@the.right.pace/post/DcKzxEBEl_S,2026-08-18T04:58:29+0000,比賽配速太積極也有可能抽筋 氣溫 / 當天狀況 / 補水 / 碳水補給量 這些也都影響不少，可能要仔細觀察是哪方面的因子~
18613622965030501,17992304355008372,17860689888677388,https://www.threads.com/@the.right.pace/post/DcK-8oYEtob,2026-08-18T06:36:11+0000,洗到大家都電解質防抽筋哈哈哈哈 大量流汗補電解質還是好點 讓水分比較能留住
17869983606650984,,,https://www.threads.com/@the.right.pace/post/DcLDOyckrML,2026-08-18T07:13:37+0000,個人競賽成績不跟執教能力掛鉤才是對的 當然要有一定的競賽經驗，但不是誰跑得快就是誰最會教 最終還是回到運科知識 / 訓練規劃 / 運動員有沒有變強 但台灣有這種
18096847994565903,,,https://www.threads.com/@the.right.pace/post/DcLWiTEkpwS,2026-08-18T10:02:18+0000,距離越長越不需要天份 看馬拉松跑者跟1500內跑者的動作差異性就知道了 馬拉松跑者，跑姿奇形怪狀還是能奪冠 1500內，動作效率差一點就沒奪冠機會了
17882012988495207,,,https://www.threads.com/@the.right.pace/post/DcLaFJQknGC,2026-08-18T10:33:16+0000,Trueeeee
18108536999467607,18346872976266892,18124772440691420,https://www.threads.com/@the.right.pace/post/DcLtTYCEnw-,2026-08-18T13:21:14+0000,真的，有持續不同區間的刺激維持體能就接近80分了
18333246505258495,,,https://www.threads.com/@the.right.pace/post/DcL48BDkm7S,2026-08-18T15:02:54+0000,不要拿滾筒壓髂徑束... 髂脛束是很厚、很強韌的結締組織 不是你拿滾筒滾一滾就能把它「放鬆」或「滾開」的 如果滾完真的覺得舒服，更多只是暫時降低疼痛敏感度。 你
18104276378601934,,,https://www.threads.com/@the.right.pace/post/DcMC55HEknG,2026-08-18T16:30:00+0000,教比較像在做化學實驗，需要知識、觀察，還有大量經驗反饋 對真的有天份當選手的人來說，很多事情或許不用想太多就做得到 很容易把「我做得到」誤認成「我知道怎麼讓別人
17929876560383838,,,https://www.threads.com/@the.right.pace/post/DcMBRmckjfj,2026-08-18T16:15:46+0000,有料，傷後復健不是先把肌力練回來，再期待它有一天自己變成運動能力  更重要的是儘早找回原本的動作控制，讓低強度訓練從一開始就保留未來跑、跳、變向需要的協調策略，
18005235623972143,,,https://www.threads.com/@the.right.pace/post/DcM_tqcklei,2026-08-19T01:21:21+0000,滾了沒實際意義 因為讓他緊繃的是括筋膜張肌 & 臀肌 那個痛你怎麼忍的下去，那超不舒服的痛噎...
18618016372016813,,,https://www.threads.com/@the.right.pace/post/DcNDPdPEgl0,2026-08-19T01:52:11+0000,因為你不習慣用髖屈的方式做功 你習慣髖伸（大力往下踩） 如果你有想跑得更快 建議還是要將高速巡航的步頻提高到170以上 半馬 / 全馬這種長距離會比較有效率
18090006260152909,,,https://www.threads.com/@the.right.pace/post/DcNEh3KkskJ,2026-08-19T02:03:26+0000,同側腳，臀中肌負責側線的穩定功能
17947825623291189,,,https://www.threads.com/@the.right.pace/post/DcNvcLjkgrJ,2026-08-19T08:18:24+0000,找幾個會說垃圾話的朋友一起跑 跑完還會嗆你很爛，有趣🫠
17927098920400603,,,https://www.threads.com/@the.right.pace/post/DcNvPNPEhfj,2026-08-19T08:16:38+0000,100分，真的不需要待在燃脂區間來減肥 總熱量消耗大才是真的 但要有氧減肥需要點意志力 因為跑完很累，亂吃就會failed了，需要管好自己的嘴巴🫨
18094757465544029,,,https://www.threads.com/@the.right.pace/post/DcOdQS9ErAy,2026-08-19T14:58:44+0000,術業有專攻，看來是被有氧舞蹈老師雷的很嚴重🫠 基本上壓本來痛的地方真的沒甚麼用，源頭緊繃的組織沒放掉都沒用，這就是物理治療的領域了，找專業的比較快🤣
17909305464464440,18437107351127200,18128983399578915,https://www.threads.com/@the.right.pace/post/DcOe4bUkhnA,2026-08-19T15:12:57+0000,這很讚耶，的確是比賽需要的能力 在高水平競技的狀況下，短距離的速度上限在比賽末段很有用
18442541620130478,18437107351127200,18618105232047408,https://www.threads.com/@the.right.pace/post/DcPamSOkpTz,2026-08-19T23:54:45+0000,後段好強！
18166581286462742,,,https://www.threads.com/@the.right.pace/post/DcPcq6ZEqQy,2026-08-20T00:12:52+0000,雖然只是個小小碩士，但前陣子我的確有慶幸自己在AI出來前唸完...
17915095758241363,,,https://www.threads.com/@the.right.pace/post/DcPbXFgEtXu,2026-08-20T00:01:25+0000,我真的要笑瘋🤣
18118011733917938,,,https://www.threads.com/@the.right.pace/post/DcQcWuAkpiP,2026-08-20T09:29:21+0000,這哪來的圖，看來是把論文丟進AI產出垃圾的結果
18188364694402215,,,https://www.threads.com/@the.right.pace/post/DcQku_5EkBz,2026-08-20T10:42:34+0000,你看得懂每張圖卡想表達的意思嗎？ 至少我是很多張看不懂 第二張圖卡說被動加熱不會誘發，第四張又說三溫暖脫水可能會？ 基本上整個圖文意義不明 前後不連貫，​名詞堆
